title,keyword,category,tone,wordCount,shopifySlug,shopifyBlogTag,includeProducts,includeFAQ,includeSchema
Steam Shower Detox: What Science Says About Sweating Out Toxins,steam shower detox,steam,authoritative,2000,peakprimalwellness.com/blogs/wellness/steam-shower-detox,steam,yes,yes,yes
Steam Shower Blood Circulation: The Cardiovascular Science,steam shower circulation benefits,steam,authoritative,2000,peakprimalwellness.com/blogs/wellness/steam-shower-blood-circulation,steam,yes,yes,yes
How to Size a Steam Generator: ACF Formula Explained,how to size steam generator,steam,authoritative,2000,peakprimalwellness.com/blogs/wellness/how-to-size-steam-generator,steam,yes,yes,yes
Steam Generator Installation Guide: What You Need to Know,steam generator installation,steam,authoritative,2000,peakprimalwellness.com/blogs/wellness/steam-generator-installation-guide,steam,yes,yes,yes
Steam Shower Electrical Requirements: Wiring Breakers & GFCI,steam shower electrical requirements,steam,authoritative,2000,peakprimalwellness.com/blogs/wellness/steam-shower-electrical-requirements,steam,yes,yes,yes
Steam Shower Enclosure Requirements: Materials & Vapor Sealing,steam shower enclosure requirements,steam,authoritative,2000,peakprimalwellness.com/blogs/wellness/steam-shower-enclosure-requirements,steam,yes,yes,yes
Steam Shower Design Ideas: Layouts Tile & Luxury Finishes,steam shower design ideas,steam,authoritative,2000,peakprimalwellness.com/blogs/wellness/steam-shower-design-ideas,steam,yes,yes,yes
Steam Shower Maintenance: Cleaning Descaling & AutoFlush,steam shower maintenance,steam,authoritative,2000,peakprimalwellness.com/blogs/wellness/steam-shower-maintenance,steam,yes,yes,yes
Steam Shower Aromatherapy: Essential Oils Safety & Best Products,steam shower aromatherapy,steam,authoritative,2000,peakprimalwellness.com/blogs/wellness/steam-shower-aromatherapy,steam,yes,yes,yes
Steam Shower Controls Explained: iSteam DTV+ & Smart Systems,steam shower controls,steam,authoritative,2000,peakprimalwellness.com/blogs/wellness/steam-shower-controls,steam,yes,yes,yes
How Long Should You Stay in a Steam Shower?,how long to stay in steam shower,steam,authoritative,2000,peakprimalwellness.com/blogs/wellness/how-long-to-stay-in-steam-shower,steam,yes,yes,yes
Steam Shower Plumbing Requirements: Water Feed Drain & AutoFlush,steam shower plumbing,steam,authoritative,2000,peakprimalwellness.com/blogs/wellness/steam-shower-plumbing-requirements,steam,yes,yes,yes
How Much Does a Steam Shower Generator Cost? (2025 Pricing),steam shower generator cost,steam,authoritative,2000,peakprimalwellness.com/blogs/wellness/how-much-does-a-steam-shower-generator-cost,steam,yes,yes,yes
How to Choose a Steam Shower Generator: Complete Buyer's Guide,how to choose steam shower generator,steam,authoritative,2000,peakprimalwellness.com/blogs/wellness/how-to-choose-steam-shower-generator,steam,yes,yes,yes
Best Home Steam Shower Setup: Complete Package Guide,best home steam shower setup,steam,authoritative,2000,peakprimalwellness.com/blogs/wellness/best-home-steam-shower-setup,steam,yes,yes,yes
Steam Shower Accessories: Must-Have Add-Ons for the Ultimate Experience,steam shower accessories,steam,authoritative,2000,peakprimalwellness.com/blogs/wellness/steam-shower-accessories,steam,yes,yes,yes
Towel Warmer Buying Guide: Electric vs Hydronic & Best Models,towel warmer buying guide,steam,authoritative,2000,peakprimalwellness.com/blogs/wellness/towel-warmer-buying-guide,steam,yes,yes,yes
How to Convert Your Shower to a Steam Shower,convert shower to steam shower,steam,authoritative,2000,peakprimalwellness.com/blogs/wellness/how-to-convert-shower-to-steam-shower,steam,yes,yes,yes
Home Spa Setup: Steam Shower + Sauna + Cold Plunge Protocol,home spa setup steam sauna cold plunge,steam,authoritative,2000,peakprimalwellness.com/blogs/wellness/home-spa-setup-steam-sauna-cold-plunge,steam,yes,yes,yes
Steam Shower ROI: Is It Worth Adding to Your Home?,steam shower worth it,steam,authoritative,2000,peakprimalwellness.com/blogs/wellness/is-a-steam-shower-worth-it,steam,yes,yes,yes
Best Steam Shower Generator 2025: Top Picks by kW,best steam shower generator,steam,authoritative,2500,peakprimalwellness.com/blogs/wellness/best-steam-shower-generator-2025,steam,yes,yes,yes
Best MrSteam Generator 2025: eSeries 5–20kW Compared,best mrsteam generator,steam,authoritative,2000,peakprimalwellness.com/blogs/wellness/best-mrsteam-generator-2025,steam,yes,yes,yes
Best Kohler Steam Generator 2025: Invigoration Series Reviewed,best kohler steam generator,steam,authoritative,2000,peakprimalwellness.com/blogs/wellness/best-kohler-steam-generator-2025,steam,yes,yes,yes
Best Towel Warmer 2025: Top Electric & Hydronic Models,best towel warmer,steam,authoritative,2000,peakprimalwellness.com/blogs/wellness/best-towel-warmer-2025,steam,yes,yes,yes
MrSteam eSeries Review: Is It the Best Home Steam Generator?,mrsteam eseries review,steam,authoritative,2000,peakprimalwellness.com/blogs/wellness/mrsteam-eseries-review,steam,yes,yes,yes
Kohler Invigoration Series Steam Generator Review (2025),kohler invigoration steam generator review,steam,authoritative,2000,peakprimalwellness.com/blogs/wellness/kohler-invigoration-series-steam-generator-review,steam,yes,yes,yes
MrSteam vs Kohler: Which Steam Generator Is Right for You?,mrsteam vs kohler,steam,authoritative,1800,peakprimalwellness.com/blogs/wellness/mrsteam-vs-kohler-steam-generator,steam,yes,yes,yes
Steam Shower vs Infrared Sauna: Which Is Better for Recovery?,steam shower vs infrared sauna,steam,authoritative,1200,peakprimalwellness.com/blogs/wellness/steam-shower-vs-infrared-sauna,steam,yes,yes,yes
Wet Steam vs Dry Sauna: Temperature Humidity & Health Effects,wet steam vs dry sauna,steam,authoritative,1200,peakprimalwellness.com/blogs/wellness/wet-steam-vs-dry-sauna,steam,yes,yes,yes
ThermaSol vs MrSteam vs Kohler: Steam Generator Brand Showdown,thermasol vs mrsteam vs kohler,steam,authoritative,1800,peakprimalwellness.com/blogs/wellness/thermasol-vs-mrsteam-vs-kohler,steam,yes,yes,yes
Celebrity Steam Shower Routines: How Athletes & Biohackers Use Steam,celebrity steam shower routine,steam,authoritative,1500,peakprimalwellness.com/blogs/wellness/celebrity-steam-shower-routines,steam,yes,yes,yes
Steam + Cold Plunge Contrast Therapy Protocol: The Ultimate Guide,steam shower cold plunge contrast therapy,steam,authoritative,1500,peakprimalwellness.com/blogs/wellness/steam-cold-plunge-contrast-therapy,steam,yes,yes,yes
